ticker,price_date,close_price
AAPL,2016-11-01,109.17
JNJ,2016-11-01,112.34
JPM,2016-11-01,67.431
KO,2016-11-01,40.74
MSFT,2016-11-01,58.394
XOM,2016-11-01,79.876
AAPL,2016-11-02,109.27
JNJ,2016-11-02,111.86
JPM,2016-11-02,67.147
KO,2016-11-02,40.671
MSFT,2016-11-02,58.032
XOM,2016-11-02,79.684
AAPL,2016-11-03,108.09
JNJ,2016-11-03,112.03
JPM,2016-11-03,66.854
KO,2016-11-03,40.653
MSFT,2016-11-03,57.818
XOM,2016-11-03,79.886
AAPL,2016-11-04,107.11
JNJ,2016-11-04,112.11
JPM,2016-11-04,66.248
KO,2016-11-04,40.324
MSFT,2016-11-04,57.33
XOM,2016-11-04,79.798
AAPL,2016-11-07,108.66
JNJ,2016-11-07,113.62
JPM,2016-11-07,68.321
KO,2016-11-07,41.068
MSFT,2016-11-07,58.999
XOM,2016-11-07,81.595
AAPL,2016-11-08,109.31
JNJ,2016-11-08,114
JPM,2016-11-08,68.468
KO,2016-11-08,41.475
MSFT,2016-11-08,59.047
XOM,2016-11-08,82.181
AAPL,2016-11-09,109.13
JNJ,2016-11-09,117.16
JPM,2016-11-09,71.616
KO,2016-11-09,40.885
MSFT,2016-11-09,58.754
XOM,2016-11-09,83.086
AAPL,2016-11-10,106.08
JNJ,2016-11-10,116.42
JPM,2016-11-10,74.94
KO,2016-11-10,39.599
MSFT,2016-11-10,57.32
XOM,2016-11-10,83.858
AAPL,2016-11-11,106.72
JNJ,2016-11-11,115.39
JPM,2016-11-11,74.979
KO,2016-11-11,39.685
MSFT,2016-11-11,57.632
XOM,2016-11-11,82.529
AAPL,2016-11-14,104.04
JNJ,2016-11-14,113.56
JPM,2016-11-14,77.736
KO,2016-11-14,39.821
MSFT,2016-11-14,56.753
XOM,2016-11-14,82.152
AAPL,2016-11-15,105.41
JNJ,2016-11-15,113.28
JPM,2016-11-15,77.589
KO,2016-11-15,40.082
MSFT,2016-11-15,57.874
XOM,2016-11-15,83.636
AAPL,2016-11-16,108.25
JNJ,2016-11-16,113.32
JPM,2016-11-16,75.673
KO,2016-11-16,39.907
MSFT,2016-11-16,58.641
XOM,2016-11-16,82.606
AAPL,2016-11-17,108.21
JNJ,2016-11-17,113.53
JPM,2016-11-17,76.28
KO,2016-11-17,39.772
MSFT,2016-11-17,59.613
XOM,2016-11-17,82.105
AAPL,2016-11-18,108.31
JNJ,2016-11-18,113.13
JPM,2016-11-18,75.976
KO,2016-11-18,39.569
MSFT,2016-11-18,59.328
XOM,2016-11-18,82.152
AAPL,2016-11-21,109.96
JNJ,2016-11-21,112.77
JPM,2016-11-21,76.31
KO,2016-11-21,40.004
MSFT,2016-11-21,59.829
XOM,2016-11-21,83.318
AAPL,2016-11-22,110.03
JNJ,2016-11-22,110.56
JPM,2016-11-22,76.778
KO,2016-11-22,40.014
MSFT,2016-11-22,60.076
XOM,2016-11-22,83.501
AAPL,2016-11-23,109.47
JNJ,2016-11-23,110.88
JPM,2016-11-23,77.1
KO,2016-11-23,39.772
MSFT,2016-11-23,59.378
XOM,2016-11-23,83.732
AAPL,2016-11-25,110.02
JNJ,2016-11-25,111.92
JPM,2016-11-25,77.071
KO,2016-11-25,40.169
MSFT,2016-11-25,59.505
XOM,2016-11-25,83.925
AAPL,2016-11-28,109.81
JNJ,2016-11-28,110.94
JPM,2016-11-28,76.572
KO,2016-11-28,40.382
MSFT,2016-11-28,59.585
XOM,2016-11-28,83.298
AAPL,2016-11-29,109.7
JNJ,2016-11-29,110.3
JPM,2016-11-29,77.16
KO,2016-11-29,40.138
MSFT,2016-11-29,60.056
XOM,2016-11-29,82.75
AAPL,2016-11-30,108.77
JNJ,2016-11-30,109.15
JPM,2016-11-30,78.382
KO,2016-11-30,39.358
MSFT,2016-11-30,59.24
XOM,2016-11-30,84.099
AAPL,2016-12-01,107.76
JNJ,2016-12-01,109.23
JPM,2016-12-01,79.966
KO,2016-12-01,39.182
MSFT,2016-12-01,58.198
XOM,2016-12-01,84.05
AAPL,2016-12-02,108.16
JNJ,2016-12-02,109.79
JPM,2016-12-02,79.78
KO,2016-12-02,39.367
MSFT,2016-12-02,58.247
XOM,2016-12-02,83.848
AAPL,2016-12-05,107.38
JNJ,2016-12-05,109.77
JPM,2016-12-05,81.403
KO,2016-12-05,39.621
MSFT,2016-12-05,59.201
XOM,2016-12-05,84.272
AAPL,2016-12-06,108.21
JNJ,2016-12-06,109.89
JPM,2016-12-06,81.823
KO,2016-12-06,39.572
MSFT,2016-12-06,58.935
XOM,2016-12-06,84.349
AAPL,2016-12-07,109.28
JNJ,2016-12-07,108.95
JPM,2016-12-07,82.194
KO,2016-12-07,40.275
MSFT,2016-12-07,60.331
XOM,2016-12-07,84.841
AAPL,2016-12-08,110.35
JNJ,2016-12-08,108.84
JPM,2016-12-08,83.222
KO,2016-12-08,39.971
MSFT,2016-12-08,59.976
XOM,2016-12-08,85.082
AAPL,2016-12-09,112.15
JNJ,2016-12-09,110.09
JPM,2016-12-09,83.583
KO,2016-12-09,40.967
MSFT,2016-12-09,60.921
XOM,2016-12-09,85.737
AAPL,2016-12-12,111.51
JNJ,2016-12-12,113.13
JPM,2016-12-12,82.841
KO,2016-12-12,40.869
MSFT,2016-12-12,61.117
XOM,2016-12-12,87.645
AAPL,2016-12-13,113.36
JNJ,2016-12-13,113.65
JPM,2016-12-13,82.87
KO,2016-12-13,40.733
MSFT,2016-12-13,61.913
XOM,2016-12-13,89.186
AAPL,2016-12-14,113.36
JNJ,2016-12-14,112.76
JPM,2016-12-14,82.841
KO,2016-12-14,40.196
MSFT,2016-12-14,61.629
XOM,2016-12-14,87.257
AAPL,2016-12-15,113.99
JNJ,2016-12-15,113.65
JPM,2016-12-15,84.082
KO,2016-12-15,40.528
MSFT,2016-12-15,61.52
XOM,2016-12-15,87.556
AAPL,2016-12-16,114.14
JNJ,2016-12-16,113.64
JPM,2016-12-16,83.046
KO,2016-12-16,40.713
MSFT,2016-12-16,61.246
XOM,2016-12-16,87.837
AAPL,2016-12-19,114.8
JNJ,2016-12-19,113.78
JPM,2016-12-19,83.525
KO,2016-12-19,40.645
MSFT,2016-12-19,62.544
XOM,2016-12-19,87.105
AAPL,2016-12-20,115.11
JNJ,2016-12-20,113.42
JPM,2016-12-20,84.599
KO,2016-12-20,40.636
MSFT,2016-12-20,62.464
XOM,2016-12-20,87.115
AAPL,2016-12-21,115.21
JNJ,2016-12-21,113.08
JPM,2016-12-21,84.815
KO,2016-12-21,40.547
MSFT,2016-12-21,62.474
XOM,2016-12-21,86.969
AAPL,2016-12-22,114.45
JNJ,2016-12-22,113.2
JPM,2016-12-22,84.951
KO,2016-12-22,40.528
MSFT,2016-12-22,62.474
XOM,2016-12-22,87.539
AAPL,2016-12-23,114.68
JNJ,2016-12-23,113.72
JPM,2016-12-23,85.108
KO,2016-12-23,40.576
MSFT,2016-12-23,62.17
XOM,2016-12-23,87.383
AAPL,2016-12-27,115.41
JNJ,2016-12-27,113.67
JPM,2016-12-27,85.187
KO,2016-12-27,40.586
MSFT,2016-12-27,62.21
XOM,2016-12-27,87.423
AAPL,2016-12-28,114.92
JNJ,2016-12-28,112.87
JPM,2016-12-28,84.571
KO,2016-12-28,40.372
MSFT,2016-12-28,61.923
XOM,2016-12-28,86.989
AAPL,2016-12-29,114.89
JNJ,2016-12-29,113.25
JPM,2016-12-29,83.973
KO,2016-12-29,40.576
MSFT,2016-12-29,61.836
XOM,2016-12-29,87.036
AAPL,2016-12-30,113.99
JNJ,2016-12-30,112.98
JPM,2016-12-30,84.365
KO,2016-12-30,40.44
MSFT,2016-12-30,61.089
XOM,2016-12-30,86.949
AAPL,2017-01-03,114.31
JNJ,2017-01-03,113.6
JPM,2017-01-03,85.283
KO,2017-01-03,40.772
MSFT,2017-01-03,61.52
XOM,2017-01-03,87.556
AAPL,2017-01-04,114.19
JNJ,2017-01-04,113.41
JPM,2017-01-04,85.441
KO,2017-01-04,40.626
MSFT,2017-01-04,61.246
XOM,2017-01-04,86.594
AAPL,2017-01-05,114.77
JNJ,2017-01-05,114.6
JPM,2017-01-05,84.655
KO,2017-01-05,40.723
MSFT,2017-01-05,61.246
XOM,2017-01-05,85.304
AAPL,2017-01-06,116.04
JNJ,2017-01-06,114.05
JPM,2017-01-06,84.665
KO,2017-01-06,40.713
MSFT,2017-01-06,61.776
XOM,2017-01-06,85.255
AAPL,2017-01-09,117.11
JNJ,2017-01-09,114.03
JPM,2017-01-09,84.724
KO,2017-01-09,40.303
MSFT,2017-01-09,61.58
XOM,2017-01-09,83.848
AAPL,2017-01-10,117.23
JNJ,2017-01-10,113.92
JPM,2017-01-10,84.969
KO,2017-01-10,40.03
MSFT,2017-01-10,61.56
XOM,2017-01-10,82.778
AAPL,2017-01-11,117.86
JNJ,2017-01-11,112.51
JPM,2017-01-11,85.609
KO,2017-01-11,40.04
MSFT,2017-01-11,62.12
XOM,2017-01-11,83.626
AAPL,2017-01-12,117.37
JNJ,2017-01-12,112.4
JPM,2017-01-12,84.782
KO,2017-01-12,39.943
MSFT,2017-01-12,61.55
XOM,2017-01-12,83.174
AAPL,2017-01-13,117.16
JNJ,2017-01-13,112.39
JPM,2017-01-13,85.235
KO,2017-01-13,39.874
MSFT,2017-01-13,61.639
XOM,2017-01-13,83.184
AAPL,2017-01-17,118.1
JNJ,2017-01-17,112.64
JPM,2017-01-17,82.139
KO,2017-01-17,40.205
MSFT,2017-01-17,61.471
XOM,2017-01-17,84.156
AAPL,2017-01-18,118.09
JNJ,2017-01-18,112.48
JPM,2017-01-18,82.521
KO,2017-01-18,40.275
MSFT,2017-01-18,61.442
XOM,2017-01-18,83.116
AAPL,2017-01-19,117.89
JNJ,2017-01-19,111.99
JPM,2017-01-19,81.902
KO,2017-01-19,40.128
MSFT,2017-01-19,61.246
XOM,2017-01-19,81.624
AAPL,2017-01-20,118.1
JNJ,2017-01-20,111.94
JPM,2017-01-20,82.256
KO,2017-01-20,40.303
MSFT,2017-01-20,61.678
XOM,2017-01-20,82.741
AAPL,2017-01-23,118.19
JNJ,2017-01-23,111.7
JPM,2017-01-23,82.296
KO,2017-01-23,40.411
MSFT,2017-01-23,61.894
XOM,2017-01-23,81.853
AAPL,2017-01-24,118.07
JNJ,2017-01-24,109.6
JPM,2017-01-24,83.288
KO,2017-01-24,40.869
MSFT,2017-01-24,62.439
XOM,2017-01-24,81.969
AAPL,2017-01-25,119.95
JNJ,2017-01-25,110.62
JPM,2017-01-25,84.577
KO,2017-01-25,41.083
MSFT,2017-01-25,62.601
XOM,2017-01-25,82.211
AAPL,2017-01-26,120.01
JNJ,2017-01-26,109.67
JPM,2017-01-26,85.283
KO,2017-01-26,40.782
MSFT,2017-01-26,63.182
XOM,2017-01-26,82.46
AAPL,2017-01-27,120.02
JNJ,2017-01-27,111.18
JPM,2017-01-27,85.46
KO,2017-01-27,40.43
MSFT,2017-01-27,64.666
XOM,2017-01-27,82.374
AAPL,2017-01-30,119.7
JNJ,2017-01-30,110.94
JPM,2017-01-30,84.577
KO,2017-01-30,40.362
MSFT,2017-01-30,64.028
XOM,2017-01-30,81.747
AAPL,2017-01-31,119.43
JNJ,2017-01-31,111.06
JPM,2017-01-31,83.201
KO,2017-01-31,40.547
MSFT,2017-01-31,63.555
XOM,2017-01-31,80.813
AAPL,2017-02-01,126.7
JNJ,2017-02-01,111.04
JPM,2017-02-01,83.515
KO,2017-02-01,40.245
MSFT,2017-02-01,62.504
XOM,2017-02-01,79.898
AAPL,2017-02-02,126.5
JNJ,2017-02-02,111.37
JPM,2017-02-02,83.161
KO,2017-02-02,40.382
MSFT,2017-02-02,62.1
XOM,2017-02-02,80.39
AAPL,2017-02-03,127.03
JNJ,2017-02-03,111.44
JPM,2017-02-03,85.707
KO,2017-02-03,40.519
MSFT,2017-02-03,62.601
XOM,2017-02-03,80.477
AAPL,2017-02-06,128.23
JNJ,2017-02-06,111.2
JPM,2017-02-06,85.303
KO,2017-02-06,40.537
MSFT,2017-02-06,62.563
XOM,2017-02-06,80.255
AAPL,2017-02-07,129.44
JNJ,2017-02-07,111.28
JPM,2017-02-07,85.255
KO,2017-02-07,40.869
MSFT,2017-02-07,62.357
XOM,2017-02-07,79.735
AAPL,2017-02-08,129.95
JNJ,2017-02-08,111.2
JPM,2017-02-08,84.507
KO,2017-02-08,40.986
MSFT,2017-02-08,62.267
XOM,2017-02-08,79.21
AAPL,2017-02-09,130.89
JNJ,2017-02-09,111.87
JPM,2017-02-09,85.727
KO,2017-02-09,40.235
MSFT,2017-02-09,62.975
XOM,2017-02-09,79.56
AAPL,2017-02-10,130.6
JNJ,2017-02-10,113.01
JPM,2017-02-10,85.53
KO,2017-02-10,39.582
MSFT,2017-02-10,62.916
XOM,2017-02-10,80.221
AAPL,2017-02-13,131.75
JNJ,2017-02-13,113.64
JPM,2017-02-13,86.66
KO,2017-02-13,39.621
MSFT,2017-02-13,63.624
XOM,2017-02-13,80.688
AAPL,2017-02-14,133.45
JNJ,2017-02-14,114.11
JPM,2017-02-14,88.046
KO,2017-02-14,39.532
MSFT,2017-02-14,63.862
XOM,2017-02-14,80.512
AAPL,2017-02-15,133.94
JNJ,2017-02-15,114.93
JPM,2017-02-15,89.058
KO,2017-02-15,39.445
MSFT,2017-02-15,63.822
XOM,2017-02-15,80.843
AAPL,2017-02-16,133.78
JNJ,2017-02-16,115.79
JPM,2017-02-16,89.001
KO,2017-02-16,40.187
MSFT,2017-02-16,63.812
XOM,2017-02-16,80.007
AAPL,2017-02-17,134.15
JNJ,2017-02-17,116.56
JPM,2017-02-17,88.705
KO,2017-02-17,40.215
MSFT,2017-02-17,63.911
XOM,2017-02-17,79.481
AAPL,2017-02-21,135.12
JNJ,2017-02-21,117.34
JPM,2017-02-21,89.472
KO,2017-02-21,40.44
MSFT,2017-02-21,63.782
XOM,2017-02-21,79.608
AAPL,2017-02-22,135.53
JNJ,2017-02-22,117.2
JPM,2017-02-22,89.522
KO,2017-02-22,40.576
MSFT,2017-02-22,63.654
XOM,2017-02-22,78.675
AAPL,2017-02-23,134.92
JNJ,2017-02-23,119.34
JPM,2017-02-23,89.589
KO,2017-02-23,40.636
MSFT,2017-02-23,63.911
XOM,2017-02-23,79.501
AAPL,2017-02-24,135.08
JNJ,2017-02-24,121.15
JPM,2017-02-24,88.804
KO,2017-02-24,40.752
MSFT,2017-02-24,63.911
XOM,2017-02-24,78.822
AAPL,2017-02-27,135.35
JNJ,2017-02-27,120.82
JPM,2017-02-27,88.901
KO,2017-02-27,40.645
MSFT,2017-02-27,63.526
XOM,2017-02-27,79.268
AAPL,2017-02-28,135.41
JNJ,2017-02-28,120.63
JPM,2017-02-28,89.088
KO,2017-02-28,40.928
MSFT,2017-02-28,63.278
XOM,2017-02-28,79.054
AAPL,2017-03-01,138.18
JNJ,2017-03-01,122.26
JPM,2017-03-01,92.018
KO,2017-03-01,41.123
MSFT,2017-03-01,64.198
XOM,2017-03-01,80.706
AAPL,2017-03-02,137.36
JNJ,2017-03-02,122.04
JPM,2017-03-02,90.583
KO,2017-03-02,41.424
MSFT,2017-03-02,63.308
XOM,2017-03-02,80.98
AAPL,2017-03-03,138.17
JNJ,2017-03-03,122.19
JPM,2017-03-03,91.232
KO,2017-03-03,41.434
MSFT,2017-03-03,63.545
XOM,2017-03-03,80.163
AAPL,2017-03-06,137.73
JNJ,2017-03-06,122.12
JPM,2017-03-06,90.367
KO,2017-03-06,41.143
MSFT,2017-03-06,63.565
XOM,2017-03-06,80.522
AAPL,2017-03-07,137.91
JNJ,2017-03-07,122.23
JPM,2017-03-07,89.866
KO,2017-03-07,40.957
MSFT,2017-03-07,63.694
XOM,2017-03-07,80.221
AAPL,2017-03-08,137.4
JNJ,2017-03-08,122.5
JPM,2017-03-08,89.669
KO,2017-03-08,40.957
MSFT,2017-03-08,64.278
XOM,2017-03-08,78.772
AAPL,2017-03-09,137.08
JNJ,2017-03-09,124.33
JPM,2017-03-09,90.023
KO,2017-03-09,40.996
MSFT,2017-03-09,64.02
XOM,2017-03-09,79.394
AAPL,2017-03-10,137.54
JNJ,2017-03-10,124.59
JPM,2017-03-10,89.738
KO,2017-03-10,41.25
MSFT,2017-03-10,64.218
XOM,2017-03-10,79.337
AAPL,2017-03-13,137.6
JNJ,2017-03-13,125.05
JPM,2017-03-13,89.816
KO,2017-03-13,41.358
MSFT,2017-03-13,64
XOM,2017-03-13,79.151
AAPL,2017-03-14,137.39
JNJ,2017-03-14,125.41
JPM,2017-03-14,89.963
KO,2017-03-14,41.298
MSFT,2017-03-14,63.704
XOM,2017-03-14,78.733
AAPL,2017-03-15,138.83
JNJ,2017-03-15,127.3
JPM,2017-03-15,90.18
KO,2017-03-15,41.446
MSFT,2017-03-15,64.04
XOM,2017-03-15,79.715
AAPL,2017-03-16,139.06
JNJ,2017-03-16,126.8
JPM,2017-03-16,90.091
KO,2017-03-16,41.574
MSFT,2017-03-16,63.931
XOM,2017-03-16,79.784
AAPL,2017-03-17,138.36
JNJ,2017-03-17,126.42
JPM,2017-03-17,89.148
KO,2017-03-17,41.358
MSFT,2017-03-17,64.158
XOM,2017-03-17,79.715
AAPL,2017-03-20,139.83
JNJ,2017-03-20,126.43
JPM,2017-03-20,88.509
KO,2017-03-20,41.506
MSFT,2017-03-20,64.218
XOM,2017-03-20,79.715
AAPL,2017-03-21,138.23
JNJ,2017-03-21,125.61
JPM,2017-03-21,85.914
KO,2017-03-21,41.82
MSFT,2017-03-21,63.506
XOM,2017-03-21,79.55
AAPL,2017-03-22,139.79
JNJ,2017-03-22,124.64
JPM,2017-03-22,86.051
KO,2017-03-22,41.702
MSFT,2017-03-22,64.316
XOM,2017-03-22,79.481
AAPL,2017-03-23,139.29
JNJ,2017-03-23,124.28
JPM,2017-03-23,85.914
KO,2017-03-23,41.496
MSFT,2017-03-23,64.158
XOM,2017-03-23,79.58
AAPL,2017-03-24,139.01
JNJ,2017-03-24,123.86
JPM,2017-03-24,85.814
KO,2017-03-24,41.446
MSFT,2017-03-24,64.268
XOM,2017-03-24,78.967
AAPL,2017-03-27,139.25
JNJ,2017-03-27,124.18
JPM,2017-03-27,85.766
KO,2017-03-27,41.644
MSFT,2017-03-27,64.386
XOM,2017-03-27,78.986
AAPL,2017-03-28,142.14
JNJ,2017-03-28,124.04
JPM,2017-03-28,87.103
KO,2017-03-28,41.752
MSFT,2017-03-28,64.574
XOM,2017-03-28,79.56
AAPL,2017-03-29,142.46
JNJ,2017-03-29,123.32
JPM,2017-03-29,86.779
KO,2017-03-29,41.742
MSFT,2017-03-29,64.752
XOM,2017-03-29,79.735
AAPL,2017-03-30,142.27
JNJ,2017-03-30,123.06
JPM,2017-03-30,87.525
KO,2017-03-30,41.918
MSFT,2017-03-30,64.99
XOM,2017-03-30,81.368
AAPL,2017-03-31,142
JNJ,2017-03-31,122.95
JPM,2017-03-31,86.355
KO,2017-03-31,41.762
MSFT,2017-03-31,65.138
XOM,2017-03-31,79.725
AAPL,2017-04-03,142.04
JNJ,2017-04-03,123.09
JPM,2017-04-03,86.041
KO,2017-04-03,41.732
MSFT,2017-04-03,64.831
XOM,2017-04-03,79.784
AAPL,2017-04-04,143.1
JNJ,2017-04-04,123.08
JPM,2017-04-04,86.327
KO,2017-04-04,41.998
MSFT,2017-04-04,65.009
XOM,2017-04-04,80.075
AAPL,2017-04-05,142.36
JNJ,2017-04-05,123.2
JPM,2017-04-05,85.221
KO,2017-04-05,41.89
MSFT,2017-04-05,64.841
XOM,2017-04-05,80.23
AAPL,2017-04-06,142
JNJ,2017-04-06,123.44
JPM,2017-04-06,85.507
KO,2017-04-06,41.988
MSFT,2017-04-06,65.009
XOM,2017-04-06,80.697
AAPL,2017-04-07,141.68
JNJ,2017-04-07,123.32
JPM,2017-04-07,85.211
KO,2017-04-07,41.928
MSFT,2017-04-07,64.96
XOM,2017-04-07,80.454
AAPL,2017-04-10,141.51
JNJ,2017-04-10,122.74
JPM,2017-04-10,84.914
KO,2017-04-10,42.008
MSFT,2017-04-10,64.812
XOM,2017-04-10,80.813
AAPL,2017-04-11,140
JNJ,2017-04-11,122.62
JPM,2017-04-11,84.766
KO,2017-04-11,41.978
MSFT,2017-04-11,64.762
XOM,2017-04-11,80.532
AAPL,2017-04-12,140.17
JNJ,2017-04-12,123.78
JPM,2017-04-12,84.439
KO,2017-04-12,42.254
MSFT,2017-04-12,64.514
XOM,2017-04-12,80.659
AAPL,2017-04-13,139.42
JNJ,2017-04-13,123.39
JPM,2017-04-13,83.45
KO,2017-04-13,42.106
MSFT,2017-04-13,64.238
XOM,2017-04-13,79.414
AAPL,2017-04-17,140.2
JNJ,2017-04-17,124.1
JPM,2017-04-17,84.894
KO,2017-04-17,42.381
MSFT,2017-04-17,64.762
XOM,2017-04-17,79.307
AAPL,2017-04-18,139.57
JNJ,2017-04-18,120.26
JPM,2017-04-18,84.202
KO,2017-04-18,42.785
MSFT,2017-04-18,64.672
XOM,2017-04-18,78.792
AAPL,2017-04-19,139.05
JNJ,2017-04-19,119.81
JPM,2017-04-19,83.51
KO,2017-04-19,42.539
MSFT,2017-04-19,64.326
XOM,2017-04-19,78.248
AAPL,2017-04-20,140.79
JNJ,2017-04-20,120.3
JPM,2017-04-20,84.588
KO,2017-04-20,42.401
MSFT,2017-04-20,64.782
XOM,2017-04-20,78.753
AAPL,2017-04-21,140.63
JNJ,2017-04-21,120.2
JPM,2017-04-21,83.569
KO,2017-04-21,42.381
MSFT,2017-04-21,65.672
XOM,2017-04-21,78.442
AAPL,2017-04-24,141.98
JNJ,2017-04-24,121.31
JPM,2017-04-24,86.515
KO,2017-04-24,42.588
MSFT,2017-04-24,66.789
XOM,2017-04-24,78.85
AAPL,2017-04-25,142.87
JNJ,2017-04-25,121.84
JPM,2017-04-25,87.267
KO,2017-04-25,42.42
MSFT,2017-04-25,67.175
XOM,2017-04-25,79.453
AAPL,2017-04-26,142.02
JNJ,2017-04-26,121.92
JPM,2017-04-26,87.435
KO,2017-04-26,42.548
MSFT,2017-04-26,67.086
XOM,2017-04-26,79.133
AAPL,2017-04-27,142.13
JNJ,2017-04-27,122.14
JPM,2017-04-27,86.625
KO,2017-04-27,42.322
MSFT,2017-04-27,67.521
XOM,2017-04-27,78.996
AAPL,2017-04-28,141.99
JNJ,2017-04-28,121.88
JPM,2017-04-28,86.021
KO,2017-04-28,42.46
MSFT,2017-04-28,67.709
XOM,2017-04-28,79.375
AAPL,2017-05-01,144.89
JNJ,2017-05-01,121.76
JPM,2017-05-01,86.081
KO,2017-05-01,42.529
MSFT,2017-05-01,68.648
XOM,2017-05-01,79.774
AAPL,2017-05-02,145.81
JNJ,2017-05-02,122.11
JPM,2017-05-02,85.527
KO,2017-05-02,42.696
MSFT,2017-05-02,68.54
XOM,2017-05-02,79.764
AAPL,2017-05-03,145.37
JNJ,2017-05-03,121.75
JPM,2017-05-03,86.021
KO,2017-05-03,42.627
MSFT,2017-05-03,68.322
XOM,2017-05-03,80.396
AAPL,2017-05-04,144.84
JNJ,2017-05-04,122.35
JPM,2017-05-04,86.121
KO,2017-05-04,42.962
MSFT,2017-05-04,68.055
XOM,2017-05-04,79.365
AAPL,2017-05-05,147.24
JNJ,2017-05-05,121.92
JPM,2017-05-05,86.021
KO,2017-05-05,42.991
MSFT,2017-05-05,68.243
XOM,2017-05-05,79.735
AAPL,2017-05-08,151.24
JNJ,2017-05-08,121.67
JPM,2017-05-08,86.121
KO,2017-05-08,43.188
MSFT,2017-05-08,68.184
XOM,2017-05-08,80.581
AAPL,2017-05-09,152.21
JNJ,2017-05-09,121.63
JPM,2017-05-09,85.774
KO,2017-05-09,42.814
MSFT,2017-05-09,68.283
XOM,2017-05-09,80.016
AAPL,2017-05-10,151.49
JNJ,2017-05-10,121.23
JPM,2017-05-10,86.447
KO,2017-05-10,42.873
MSFT,2017-05-10,68.55
XOM,2017-05-10,80.38
AAPL,2017-05-11,152.8
JNJ,2017-05-11,121.62
JPM,2017-05-11,86.179
KO,2017-05-11,42.972
MSFT,2017-05-11,67.709
XOM,2017-05-11,81.067
AAPL,2017-05-12,154.93
JNJ,2017-05-12,122.05
JPM,2017-05-12,85.943
KO,2017-05-12,42.893
MSFT,2017-05-12,67.63
XOM,2017-05-12,81.008
AAPL,2017-05-15,154.53
JNJ,2017-05-15,125.35
JPM,2017-05-15,86.357
KO,2017-05-15,43.031
MSFT,2017-05-15,67.679
XOM,2017-05-15,81.253
AAPL,2017-05-16,154.31
JNJ,2017-05-16,126.13
JPM,2017-05-16,86.625
KO,2017-05-16,43.149
MSFT,2017-05-16,69.042
XOM,2017-05-16,81.008
AAPL,2017-05-17,149.12
JNJ,2017-05-17,125.04
JPM,2017-05-17,83.322
KO,2017-05-17,43.227
MSFT,2017-05-17,67.122
XOM,2017-05-17,80.458
AAPL,2017-05-18,151.4
JNJ,2017-05-18,125.33
JPM,2017-05-18,83.016
KO,2017-05-18,43.099
MSFT,2017-05-18,67.351
XOM,2017-05-18,80.223
AAPL,2017-05-19,151.91
JNJ,2017-05-19,125.36
JPM,2017-05-19,83.826
KO,2017-05-19,43.198
MSFT,2017-05-19,67.331
XOM,2017-05-19,80.399
AAPL,2017-05-22,152.84
JNJ,2017-05-22,125.62
JPM,2017-05-22,83.747
KO,2017-05-22,43.473
MSFT,2017-05-22,68.087
XOM,2017-05-22,80.753
AAPL,2017-05-23,152.65
JNJ,2017-05-23,125.88
JPM,2017-05-23,84.795
KO,2017-05-23,43.68
MSFT,2017-05-23,68.316
XOM,2017-05-23,81.037
AAPL,2017-05-24,152.19
JNJ,2017-05-24,125.87
JPM,2017-05-24,84.746
KO,2017-05-24,44.309
MSFT,2017-05-24,68.406
XOM,2017-05-24,80.753
AAPL,2017-05-25,152.72
JNJ,2017-05-25,126.72
JPM,2017-05-25,84.39
KO,2017-05-25,44.683
MSFT,2017-05-25,69.251
XOM,2017-05-25,80.223
AAPL,2017-05-26,152.46
JNJ,2017-05-26,126.12
JPM,2017-05-26,84.4
KO,2017-05-26,44.665
MSFT,2017-05-26,69.589
XOM,2017-05-26,80.026
AAPL,2017-05-30,152.52
JNJ,2017-05-30,126.31
JPM,2017-05-30,82.956
KO,2017-05-30,44.703
MSFT,2017-05-30,70.037
XOM,2017-05-30,79.584
AAPL,2017-05-31,151.61
JNJ,2017-05-31,127.44
JPM,2017-05-31,81.226
KO,2017-05-31,44.743
MSFT,2017-05-31,69.47
XOM,2017-05-31,78.996
AAPL,2017-06-01,152.03
JNJ,2017-06-01,127.97
JPM,2017-06-01,82.126
KO,2017-06-01,45.057
MSFT,2017-06-01,69.728
XOM,2017-06-01,79.192
AAPL,2017-06-02,154.29
JNJ,2017-06-02,129.26
JPM,2017-06-02,81.71
KO,2017-06-02,45.156
MSFT,2017-06-02,71.37
XOM,2017-06-02,78.015
AAPL,2017-06-05,152.78
JNJ,2017-06-05,129.54
JPM,2017-06-05,81.858
KO,2017-06-05,45.255
MSFT,2017-06-05,71.897
XOM,2017-06-05,78.623
AAPL,2017-06-06,153.3
JNJ,2017-06-06,130
JPM,2017-06-06,82.027
KO,2017-06-06,45.245
MSFT,2017-06-06,72.136
XOM,2017-06-06,79.692
AAPL,2017-06-07,154.21
JNJ,2017-06-07,129.92
JPM,2017-06-07,82.966
KO,2017-06-07,44.783
MSFT,2017-06-07,72.006
XOM,2017-06-07,79.398
AAPL,2017-06-08,153.83
JNJ,2017-06-08,129.72
JPM,2017-06-08,83.994
KO,2017-06-08,44.409
MSFT,2017-06-08,71.569
XOM,2017-06-08,79.114
AAPL,2017-06-09,147.87
JNJ,2017-06-09,130.7
JPM,2017-06-09,85.981
KO,2017-06-09,44.595
MSFT,2017-06-09,69.947
XOM,2017-06-09,80.596
AAPL,2017-06-12,144.33
JNJ,2017-06-12,130.99
JPM,2017-06-12,86.001
KO,2017-06-12,44.605
MSFT,2017-06-12,69.41
XOM,2017-06-12,81.381
AAPL,2017-06-13,145.5
JNJ,2017-06-13,131.19
JPM,2017-06-13,86.289
KO,2017-06-13,44.675
MSFT,2017-06-13,70.276
XOM,2017-06-13,81.411
AAPL,2017-06-14,144.07
JNJ,2017-06-14,131.93
JPM,2017-06-14,86.111
KO,2017-06-14,44.942
MSFT,2017-06-14,69.898
XOM,2017-06-14,80.537
AAPL,2017-06-15,143.22
JNJ,2017-06-15,132.2
JPM,2017-06-15,85.596
KO,2017-06-15,44.893
MSFT,2017-06-15,69.53
XOM,2017-06-15,80.723
AAPL,2017-06-16,141.2
JNJ,2017-06-16,133.5
JPM,2017-06-16,85.211
KO,2017-06-16,44.952
MSFT,2017-06-16,69.629
XOM,2017-06-16,81.931
AAPL,2017-06-19,145.25
JNJ,2017-06-19,133.22
JPM,2017-06-19,87.079
KO,2017-06-19,45.022
MSFT,2017-06-19,70.494
XOM,2017-06-19,81.214
AAPL,2017-06-20,143.92
JNJ,2017-06-20,133.37
JPM,2017-06-20,86.535
KO,2017-06-20,45.25
MSFT,2017-06-20,69.54
XOM,2017-06-20,80.772
AAPL,2017-06-21,144.78
JNJ,2017-06-21,134.06
JPM,2017-06-21,86.139
KO,2017-06-21,44.863
MSFT,2017-06-21,69.898
XOM,2017-06-21,79.918
AAPL,2017-06-22,144.54
JNJ,2017-06-22,135.19
JPM,2017-06-22,86.041
KO,2017-06-22,44.714
MSFT,2017-06-22,69.888
XOM,2017-06-22,79.566
AAPL,2017-06-23,145.19
JNJ,2017-06-23,135.57
JPM,2017-06-23,85.883
KO,2017-06-23,44.893
MSFT,2017-06-23,70.833
XOM,2017-06-23,80.086
AAPL,2017-06-26,144.73
JNJ,2017-06-26,135.48
JPM,2017-06-26,86.259
KO,2017-06-26,45.071
MSFT,2017-06-26,70.156
XOM,2017-06-26,79.722
AAPL,2017-06-27,142.66
JNJ,2017-06-27,134.16
JPM,2017-06-27,87.059
KO,2017-06-27,44.694
MSFT,2017-06-27,68.843
XOM,2017-06-27,79.594
AAPL,2017-06-28,144.74
JNJ,2017-06-28,132.97
JPM,2017-06-28,88.81
KO,2017-06-28,44.962
MSFT,2017-06-28,69.43
XOM,2017-06-28,80.007
AAPL,2017-06-29,142.61
JNJ,2017-06-29,131.8
JPM,2017-06-29,90.124
KO,2017-06-29,44.476
MSFT,2017-06-29,68.127
XOM,2017-06-29,79.192
AAPL,2017-06-30,142.95
JNJ,2017-06-30,131.45
JPM,2017-06-30,90.372
KO,2017-06-30,44.496
MSFT,2017-06-30,68.565
XOM,2017-06-30,79.222
AAPL,2017-07-03,142.43
JNJ,2017-07-03,132.06
JPM,2017-07-03,92.211
KO,2017-07-03,44.407
MSFT,2017-07-03,67.809
XOM,2017-07-03,80.566
AAPL,2017-07-05,143.02
JNJ,2017-07-05,132.8
JPM,2017-07-05,93.136
KO,2017-07-05,44.466
MSFT,2017-07-05,68.714
XOM,2017-07-05,79.34
AAPL,2017-07-06,141.66
JNJ,2017-07-06,131.68
JPM,2017-07-06,92.837
KO,2017-07-06,44.049
MSFT,2017-07-06,68.207
XOM,2017-07-06,78.623
AAPL,2017-07-07,143.11
JNJ,2017-07-07,131.7
JPM,2017-07-07,93.305
KO,2017-07-07,44.04
MSFT,2017-07-07,69.092
XOM,2017-07-07,78.721
AAPL,2017-07-10,143.97
JNJ,2017-07-10,130.72
JPM,2017-07-10,92.648
KO,2017-07-10,44.03
MSFT,2017-07-10,69.609
XOM,2017-07-10,78.662
AAPL,2017-07-11,144.44
JNJ,2017-07-11,130.4
JPM,2017-07-11,92.291
KO,2017-07-11,43.98
MSFT,2017-07-11,69.619
XOM,2017-07-11,79.094
AAPL,2017-07-12,144.65
JNJ,2017-07-12,131.39
JPM,2017-07-12,91.972
KO,2017-07-12,44.159
MSFT,2017-07-12,70.773
XOM,2017-07-12,79.448
AAPL,2017-07-13,146.66
JNJ,2017-07-13,131.03
JPM,2017-07-13,92.559
KO,2017-07-13,44.079
MSFT,2017-07-13,71.39
XOM,2017-07-13,79.458
AAPL,2017-07-14,147.93
JNJ,2017-07-14,131.76
JPM,2017-07-14,91.714
KO,2017-07-14,44.327
MSFT,2017-07-14,72.394
XOM,2017-07-14,79.762
AAPL,2017-07-17,148.44
JNJ,2017-07-17,131.31
JPM,2017-07-17,90.859
KO,2017-07-17,44.377
MSFT,2017-07-17,72.961
XOM,2017-07-17,79.35
AAPL,2017-07-18,148.95
JNJ,2017-07-18,133.61
JPM,2017-07-18,90.541
KO,2017-07-18,44.317
MSFT,2017-07-18,72.912
XOM,2017-07-18,79.094
AAPL,2017-07-19,149.89
JNJ,2017-07-19,134.36
JPM,2017-07-19,90.67
KO,2017-07-19,44.476
MSFT,2017-07-19,73.469
XOM,2017-07-19,79.34
AAPL,2017-07-20,149.21
JNJ,2017-07-20,135.71
JPM,2017-07-20,90.67
KO,2017-07-20,44.466
MSFT,2017-07-20,73.827
XOM,2017-07-20,79.35
AAPL,2017-07-21,149.14
JNJ,2017-07-21,134.45
JPM,2017-07-21,90.362
KO,2017-07-21,44.675
MSFT,2017-07-21,73.399
XOM,2017-07-21,78.623
AAPL,2017-07-24,150.96
JNJ,2017-07-24,132.17
JPM,2017-07-24,90.75
KO,2017-07-24,44.486
MSFT,2017-07-24,73.21
XOM,2017-07-24,78.378
AAPL,2017-07-25,151.6
JNJ,2017-07-25,131.05
JPM,2017-07-25,92.261
KO,2017-07-25,44.883
MSFT,2017-07-25,73.797
XOM,2017-07-25,78.77
AAPL,2017-07-26,152.31
JNJ,2017-07-26,130.12
JPM,2017-07-26,91.396
KO,2017-07-26,45.379
MSFT,2017-07-26,73.658
XOM,2017-07-26,78.868
AAPL,2017-07-27,149.43
JNJ,2017-07-27,130
JPM,2017-07-27,91.018
KO,2017-07-27,45.756
MSFT,2017-07-27,72.772
XOM,2017-07-27,79.32
AAPL,2017-07-28,148.39
JNJ,2017-07-28,131.02
JPM,2017-07-28,90.75
KO,2017-07-28,45.647
MSFT,2017-07-28,72.653
XOM,2017-07-28,78.113
AAPL,2017-07-31,147.62
JNJ,2017-07-31,131.88
JPM,2017-07-31,91.267
KO,2017-07-31,45.478
MSFT,2017-07-31,72.315
XOM,2017-07-31,78.545
AAPL,2017-08-01,148.92
JNJ,2017-08-01,131.67
JPM,2017-08-01,92.489
KO,2017-08-01,45.339
MSFT,2017-08-01,72.195
XOM,2017-08-01,78.672
AAPL,2017-08-02,155.97
JNJ,2017-08-02,131.32
JPM,2017-08-02,92.569
KO,2017-08-02,45.23
MSFT,2017-08-02,71.877
XOM,2017-08-02,79.094
AAPL,2017-08-03,154.4
JNJ,2017-08-03,132.51
JPM,2017-08-03,91.962
KO,2017-08-03,45.309
MSFT,2017-08-03,71.768
XOM,2017-08-03,78.986
AAPL,2017-08-04,155.22
JNJ,2017-08-04,132.34
JPM,2017-08-04,93.116
KO,2017-08-04,45.141
MSFT,2017-08-04,72.295
XOM,2017-08-04,78.712
AAPL,2017-08-07,157.62
JNJ,2017-08-07,132.02
JPM,2017-08-07,93.474
KO,2017-08-07,45.28
MSFT,2017-08-07,72.016
XOM,2017-08-07,78.662
AAPL,2017-08-08,158.88
JNJ,2017-08-08,131.43
JPM,2017-08-08,93.136
KO,2017-08-08,45.24
MSFT,2017-08-08,72.404
XOM,2017-08-08,78.466
AAPL,2017-08-09,159.86
JNJ,2017-08-09,132.39
JPM,2017-08-09,92.986
KO,2017-08-09,45.23
MSFT,2017-08-09,72.086
XOM,2017-08-09,78.712
AAPL,2017-08-10,154.76
JNJ,2017-08-10,132.25
JPM,2017-08-10,91.654
KO,2017-08-10,45.379
MSFT,2017-08-10,71.032
XOM,2017-08-10,78.246
AAPL,2017-08-11,156.92
JNJ,2017-08-11,132.26
JPM,2017-08-11,90.889
KO,2017-08-11,45.23
MSFT,2017-08-11,72.116
XOM,2017-08-11,77.493
AAPL,2017-08-14,159.28
JNJ,2017-08-14,132.64
JPM,2017-08-14,91.952
KO,2017-08-14,45.438
MSFT,2017-08-14,73.2
XOM,2017-08-14,77.513
AAPL,2017-08-15,161.02
JNJ,2017-08-15,132.54
JPM,2017-08-15,92.191
KO,2017-08-15,45.825
MSFT,2017-08-15,73.22
XOM,2017-08-15,77.324
AAPL,2017-08-16,160.37
JNJ,2017-08-16,133.32
JPM,2017-08-16,91.555
KO,2017-08-16,45.835
MSFT,2017-08-16,73.65
XOM,2017-08-16,76.76
AAPL,2017-08-17,157.29
JNJ,2017-08-17,132.2
JPM,2017-08-17,90.123
KO,2017-08-17,45.498
MSFT,2017-08-17,72.4
XOM,2017-08-17,75.561
AAPL,2017-08-18,156.94
JNJ,2017-08-18,131.79
JPM,2017-08-18,90.213
KO,2017-08-18,45.309
MSFT,2017-08-18,72.49
XOM,2017-08-18,75.937
AAPL,2017-08-21,156.65
JNJ,2017-08-21,132.61
JPM,2017-08-21,90.103
KO,2017-08-21,45.319
MSFT,2017-08-21,72.15
XOM,2017-08-21,75.68
AAPL,2017-08-22,159.21
JNJ,2017-08-22,133.85
JPM,2017-08-22,91.028
KO,2017-08-22,45.24
MSFT,2017-08-22,73.16
XOM,2017-08-22,76.036
AAPL,2017-08-23,159.41
JNJ,2017-08-23,131.96
JPM,2017-08-23,91.137
KO,2017-08-23,45.18
MSFT,2017-08-23,72.72
XOM,2017-08-23,75.907
AAPL,2017-08-24,158.7
JNJ,2017-08-24,132.05
JPM,2017-08-24,90.988
KO,2017-08-24,45.052
MSFT,2017-08-24,72.69
XOM,2017-08-24,75.63
AAPL,2017-08-25,159.29
JNJ,2017-08-25,131.68
JPM,2017-08-25,91.356
KO,2017-08-25,45.21
MSFT,2017-08-25,72.82
XOM,2017-08-25,76.016
AAPL,2017-08-28,160.89
JNJ,2017-08-28,131.74
JPM,2017-08-28,91.068
KO,2017-08-28,45.061
MSFT,2017-08-28,72.83
XOM,2017-08-28,75.769
AAPL,2017-08-29,162.33
JNJ,2017-08-29,132.21
JPM,2017-08-29,90.571
KO,2017-08-29,45.091
MSFT,2017-08-29,73.05
XOM,2017-08-29,75.749
AAPL,2017-08-30,162.76
JNJ,2017-08-30,131.07
JPM,2017-08-30,90.779
KO,2017-08-30,45.032
MSFT,2017-08-30,74.01
XOM,2017-08-30,75.402
AAPL,2017-08-31,163.41
JNJ,2017-08-31,132.37
JPM,2017-08-31,90.362
KO,2017-08-31,45.19
MSFT,2017-08-31,74.8
XOM,2017-08-31,75.63
AAPL,2017-09-01,163.46
JNJ,2017-09-01,131.03
JPM,2017-09-01,91.167
KO,2017-09-01,45.419
MSFT,2017-09-01,73.94
XOM,2017-09-01,75.868
AAPL,2017-09-05,161.5
JNJ,2017-09-05,129.9
JPM,2017-09-05,88.99
KO,2017-09-05,45.557
MSFT,2017-09-05,73.61
XOM,2017-09-05,76.472
AAPL,2017-09-06,161.33
JNJ,2017-09-06,130.67
JPM,2017-09-06,89.586
KO,2017-09-06,45.597
MSFT,2017-09-06,73.4
XOM,2017-09-06,78.058
AAPL,2017-09-07,160.68
JNJ,2017-09-07,132.19
JPM,2017-09-07,88.016
KO,2017-09-07,45.915
MSFT,2017-09-07,74.34
XOM,2017-09-07,78.305
AAPL,2017-09-08,158.06
JNJ,2017-09-08,130.98
JPM,2017-09-08,87.906
KO,2017-09-08,45.934
MSFT,2017-09-08,73.98
XOM,2017-09-08,78.097
AAPL,2017-09-11,160.92
JNJ,2017-09-11,133.21
JPM,2017-09-11,89.268
KO,2017-09-11,46.153
MSFT,2017-09-11,74.76
XOM,2017-09-11,78.523
AAPL,2017-09-12,160.28
JNJ,2017-09-12,132.63
JPM,2017-09-12,90.362
KO,2017-09-12,46.351
MSFT,2017-09-12,74.68
XOM,2017-09-12,78.771
AAPL,2017-09-13,159.08
JNJ,2017-09-13,132.45
JPM,2017-09-13,90.62
KO,2017-09-13,46.5
MSFT,2017-09-13,75.21
XOM,2017-09-13,79.039
AAPL,2017-09-14,157.71
JNJ,2017-09-14,134.18
JPM,2017-09-14,90.441
KO,2017-09-14,46.11
MSFT,2017-09-14,74.77
XOM,2017-09-14,79.356
AAPL,2017-09-15,159.31
JNJ,2017-09-15,134.45
JPM,2017-09-15,91.088
KO,2017-09-15,46.18
MSFT,2017-09-15,75.31
XOM,2017-09-15,79.336
AAPL,2017-09-18,158.1
JNJ,2017-09-18,135.38
JPM,2017-09-18,92.38
KO,2017-09-18,46.11
MSFT,2017-09-18,75.16
XOM,2017-09-18,79.356
AAPL,2017-09-19,158.16
JNJ,2017-09-19,135.22
JPM,2017-09-19,93.394
KO,2017-09-19,45.98
MSFT,2017-09-19,75.44
XOM,2017-09-19,79.484
AAPL,2017-09-20,155.51
JNJ,2017-09-20,133.22
JPM,2017-09-20,94.05
KO,2017-09-20,45.78
MSFT,2017-09-20,74.94
XOM,2017-09-20,79.811
AAPL,2017-09-21,152.84
JNJ,2017-09-21,131.75
JPM,2017-09-21,94.478
KO,2017-09-21,45.4
MSFT,2017-09-21,74.21
XOM,2017-09-21,79.157
AAPL,2017-09-22,151.35
JNJ,2017-09-22,131.39
JPM,2017-09-22,94.279
KO,2017-09-22,45.49
MSFT,2017-09-22,74.41
XOM,2017-09-22,79.187
AAPL,2017-09-25,150.01
JNJ,2017-09-25,131.17
JPM,2017-09-25,93.573
KO,2017-09-25,45.69
MSFT,2017-09-25,73.26
XOM,2017-09-25,80.237
AAPL,2017-09-26,152.59
JNJ,2017-09-26,130.94
JPM,2017-09-26,93.155
KO,2017-09-26,45.57
MSFT,2017-09-26,73.26
XOM,2017-09-26,80.148
AAPL,2017-09-27,153.68
JNJ,2017-09-27,129.75
JPM,2017-09-27,94.627
KO,2017-09-27,44.64
MSFT,2017-09-27,73.85
XOM,2017-09-27,80.683
AAPL,2017-09-28,152.73
JNJ,2017-09-28,129.47
JPM,2017-09-28,94.826
KO,2017-09-28,44.91
MSFT,2017-09-28,73.87
XOM,2017-09-28,81.436
AAPL,2017-09-29,153.57
JNJ,2017-09-29,130.01
JPM,2017-09-29,94.955
KO,2017-09-29,45.01
MSFT,2017-09-29,74.49
XOM,2017-09-29,81.228
AAPL,2017-10-02,153.26
JNJ,2017-10-02,131.22
JPM,2017-10-02,96.277
KO,2017-10-02,44.8
MSFT,2017-10-02,74.61
XOM,2017-10-02,80.881
AAPL,2017-10-03,153.92
JNJ,2017-10-03,132.1
JPM,2017-10-03,96.784
KO,2017-10-03,45.19
MSFT,2017-10-03,74.26
XOM,2017-10-03,81.01
AAPL,2017-10-04,152.93
JNJ,2017-10-04,132.89
JPM,2017-10-04,95.8
KO,2017-10-04,45.5
MSFT,2017-10-04,74.69
XOM,2017-10-04,81.04
AAPL,2017-10-05,154.83
JNJ,2017-10-05,133.19
JPM,2017-10-05,97.09
KO,2017-10-05,45.52
MSFT,2017-10-05,75.97
XOM,2017-10-05,81.268
AAPL,2017-10-06,154.74
JNJ,2017-10-06,133.22
JPM,2017-10-06,96.92
KO,2017-10-06,45.49
MSFT,2017-10-06,76
XOM,2017-10-06,80.961
AAPL,2017-10-09,155.28
JNJ,2017-10-09,133.45
JPM,2017-10-09,96.41
KO,2017-10-09,45.41
MSFT,2017-10-09,76.29
XOM,2017-10-09,81.278
AAPL,2017-10-10,155.34
JNJ,2017-10-10,133.9
JPM,2017-10-10,97.13
KO,2017-10-10,45.87
MSFT,2017-10-10,76.29
XOM,2017-10-10,81.506
AAPL,2017-10-11,155.99
JNJ,2017-10-11,136.65
JPM,2017-10-11,96.84
KO,2017-10-11,46.1
MSFT,2017-10-11,76.42
XOM,2017-10-11,81.843
AAPL,2017-10-12,155.44
JNJ,2017-10-12,136.83
JPM,2017-10-12,95.99
KO,2017-10-12,46.11
MSFT,2017-10-12,77.12
XOM,2017-10-12,81.674
AAPL,2017-10-13,156.43
JNJ,2017-10-13,136.43
JPM,2017-10-13,95.86
KO,2017-10-13,46.18
MSFT,2017-10-13,77.49
XOM,2017-10-13,81.654
AAPL,2017-10-16,159.31
JNJ,2017-10-16,136.12
JPM,2017-10-16,97.84
KO,2017-10-16,46.62
MSFT,2017-10-16,77.65
XOM,2017-10-16,82.051
AAPL,2017-10-17,159.9
JNJ,2017-10-17,140.79
JPM,2017-10-17,97.62
KO,2017-10-17,46.52
MSFT,2017-10-17,77.59
XOM,2017-10-17,82.199
AAPL,2017-10-18,159.19
JNJ,2017-10-18,140.68
JPM,2017-10-18,97.99
KO,2017-10-18,46.4
MSFT,2017-10-18,77.61
XOM,2017-10-18,82.001
AAPL,2017-10-19,155.42
JNJ,2017-10-19,142.04
JPM,2017-10-19,98.11
KO,2017-10-19,46.59
MSFT,2017-10-19,77.91
XOM,2017-10-19,81.981
AAPL,2017-10-20,155.69
JNJ,2017-10-20,142.4
JPM,2017-10-20,99.505
KO,2017-10-20,46.38
MSFT,2017-10-20,78.81
XOM,2017-10-20,82.348
AAPL,2017-10-23,155.61
JNJ,2017-10-23,143.62
JPM,2017-10-23,99.34
KO,2017-10-23,46.32
MSFT,2017-10-23,78.83
XOM,2017-10-23,82.477
AAPL,2017-10-24,156.54
JNJ,2017-10-24,141.64
JPM,2017-10-24,100.92
KO,2017-10-24,46.18
MSFT,2017-10-24,78.86
XOM,2017-10-24,82.705
AAPL,2017-10-25,155.85
JNJ,2017-10-25,142.36
JPM,2017-10-25,101.02
KO,2017-10-25,46.05
MSFT,2017-10-25,78.63
XOM,2017-10-25,82.407
AAPL,2017-10-26,156.85
JNJ,2017-10-26,141.81
JPM,2017-10-26,101.74
KO,2017-10-26,46.23
MSFT,2017-10-26,78.76
XOM,2017-10-26,82.705
AAPL,2017-10-27,162.47
JNJ,2017-10-27,141.78
JPM,2017-10-27,101.77
KO,2017-10-27,46.07
MSFT,2017-10-27,83.81
XOM,2017-10-27,82.942
AAPL,2017-10-30,166.12
JNJ,2017-10-30,140
JPM,2017-10-30,101.41
KO,2017-10-30,45.86
MSFT,2017-10-30,83.89
XOM,2017-10-30,82.774
AAPL,2017-10-31,168.43
JNJ,2017-10-31,139.41
JPM,2017-10-31,100.61
KO,2017-10-31,45.98
MSFT,2017-10-31,83.18
XOM,2017-10-31,82.586
AAPL,2017-11-01,166.29
JNJ,2017-11-01,139.98
JPM,2017-11-01,100.92
KO,2017-11-01,45.8
MSFT,2017-11-01,83.18
XOM,2017-11-01,83.101
AAPL,2017-11-02,167.51
JNJ,2017-11-02,139.93
JPM,2017-11-02,101.59
KO,2017-11-02,45.88
MSFT,2017-11-02,84.05
XOM,2017-11-02,82.764
AAPL,2017-11-03,171.88
JNJ,2017-11-03,140.08
JPM,2017-11-03,101.41
KO,2017-11-03,45.97
MSFT,2017-11-03,84.14
XOM,2017-11-03,82.417
AAPL,2017-11-06,173.63
JNJ,2017-11-06,139.76
JPM,2017-11-06,100.78
KO,2017-11-06,45.47
MSFT,2017-11-06,84.47
XOM,2017-11-06,82.982
AAPL,2017-11-07,174.18
JNJ,2017-11-07,139.77
JPM,2017-11-07,98.75
KO,2017-11-07,45.94
MSFT,2017-11-07,84.26
XOM,2017-11-07,82.814
AAPL,2017-11-08,175.61
JNJ,2017-11-08,141.32
JPM,2017-11-08,97.64
KO,2017-11-08,46.18
MSFT,2017-11-08,84.56
XOM,2017-11-08,82.705
AAPL,2017-11-09,175.25
JNJ,2017-11-09,140.35
JPM,2017-11-09,97.63
KO,2017-11-09,46.23
MSFT,2017-11-09,84.09
XOM,2017-11-09,83.2
AAPL,2017-11-10,174.67
JNJ,2017-11-10,139.56
JPM,2017-11-10,97.51
KO,2017-11-10,46.54
MSFT,2017-11-10,83.87
XOM,2017-11-10,82.94
